img0_0.png,1
img0_50.png,1
img0_100.png,1
img0_150.png,1
img0_200.png,1
img0_250.png,1
img0_300.png,1
img0_350.png,1
img0_400.png,1
img0_450.png,1
img0_500.png,1
img0_550.png,1
img0_600.png,1
img0_650.png,1
img0_700.png,1
img0_750.png,1
img0_800.png,1
img0_850.png,1
img0_900.png,1
img0_950.png,1
img0_1000.png,1
img0_1050.png,1
img0_1100.png,1
img0_1150.png,1
img0_1200.png,1
img0_1250.png,1
img0_1300.png,1
img0_1350.png,1
img0_1400.png,1
img0_1450.png,1
img0_1500.png,1
img0_1550.png,1
img0_1600.png,1
img0_1650.png,1
img0_1700.png,1
img0_1750.png,1
img0_1800.png,1
img0_1850.png,1
img0_1900.png,1
img0_1950.png,1
img0_2000.png,1
img0_2050.png,1
img0_2100.png,1
img0_2150.png,1
img0_2200.png,1
img0_2250.png,1
img0_2300.png,1
img0_2350.png,1
img0_2400.png,1
img0_2450.png,1
img0_2500.png,1
img0_2550.png,1
img50_0.png,1
img50_50.png,1
img50_100.png,1
img50_150.png,1
img50_200.png,1
img50_250.png,1
img50_300.png,1
img50_350.png,1
img50_400.png,1
img50_450.png,1
img50_500.png,1
img50_550.png,1
img50_600.png,1
img50_650.png,1
img50_700.png,1
img50_750.png,1
img50_800.png,1
img50_850.png,1
img50_900.png,1
img50_950.png,1
img50_1000.png,1
img50_1050.png,1
img50_1100.png,1
img50_1150.png,1
img50_1200.png,1
img50_1250.png,1
img50_1300.png,1
img50_1350.png,1
img50_1400.png,1
img50_1450.png,1
img50_1500.png,1
img50_1550.png,1
img50_1600.png,1
img50_1650.png,1
img50_1700.png,1
img50_1750.png,1
img50_1800.png,1
img50_1850.png,1
img50_1900.png,1
img50_1950.png,1
img50_2000.png,1
img50_2050.png,1
img50_2100.png,1
img50_2150.png,1
img50_2200.png,1
img50_2250.png,1
img50_2300.png,1
img50_2350.png,1
img50_2400.png,1
img50_2450.png,1
img50_2500.png,1
img50_2550.png,1
img100_0.png,1
img100_50.png,1
img100_100.png,1
img100_150.png,1
img100_200.png,1
img100_250.png,1
img100_300.png,1
img100_350.png,1
img100_400.png,1
img100_450.png,1
img100_500.png,1
img100_550.png,1
img100_600.png,1
img100_650.png,1
img100_700.png,1
img100_750.png,1
img100_800.png,1
img100_850.png,1
img100_900.png,1
img100_950.png,1
img100_1000.png,1
img100_1050.png,1
img100_1100.png,1
img100_1150.png,1
img100_1200.png,1
img100_1250.png,1
img100_1300.png,1
img100_1350.png,1
img100_1400.png,1
img100_1450.png,1
img100_1500.png,1
img100_1550.png,1
img100_1600.png,1
img100_1650.png,1
img100_1700.png,1
img100_1750.png,1
img100_1800.png,1
img100_1850.png,1
img100_1900.png,1
img100_1950.png,1
img100_2000.png,1
img100_2050.png,1
img100_2100.png,1
img100_2150.png,1
img100_2200.png,1
img100_2250.png,1
img100_2300.png,1
img100_2350.png,1
img100_2400.png,1
img100_2450.png,1
img100_2500.png,1
img100_2550.png,1
img150_0.png,1
img150_50.png,1
img150_100.png,1
img150_150.png,1
img150_200.png,1
img150_250.png,1
img150_300.png,1
img150_350.png,1
img150_400.png,1
img150_450.png,1
img150_500.png,1
img150_550.png,1
img150_600.png,1
img150_650.png,1
img150_700.png,1
img150_750.png,1
img150_800.png,1
img150_850.png,1
img150_900.png,1
img150_950.png,1
img150_1000.png,1
img150_1050.png,1
img150_1100.png,1
img150_1150.png,1
img150_1200.png,1
img150_1250.png,1
img150_1300.png,1
img150_1350.png,1
img150_1400.png,1
img150_1450.png,1
img150_1500.png,1
img150_1550.png,1
img150_1600.png,1
img150_1650.png,1
img150_1700.png,1
img150_1750.png,1
img150_1800.png,1
img150_1850.png,1
img150_1900.png,1
img150_1950.png,1
img150_2000.png,1
img150_2050.png,1
img150_2100.png,1
img150_2150.png,1
img150_2200.png,1
img150_2250.png,1
img150_2300.png,1
img150_2350.png,1
img150_2400.png,1
img150_2450.png,1
img150_2500.png,1
img150_2550.png,1
img200_0.png,1
img200_50.png,1
img200_100.png,1
img200_150.png,1
img200_200.png,1
img200_250.png,1
img200_300.png,1
img200_350.png,1
img200_400.png,1
img200_450.png,1
img200_500.png,1
img200_550.png,1
img200_600.png,1
img200_650.png,1
img200_700.png,1
img200_750.png,1
img200_800.png,1
img200_850.png,1
img200_900.png,1
img200_950.png,1
img200_1000.png,1
img200_1050.png,1
img200_1100.png,1
img200_1150.png,1
img200_1200.png,1
img200_1250.png,1
img200_1300.png,1
img200_1350.png,1
img200_1400.png,1
img200_1450.png,1
img200_1500.png,1
img200_1550.png,1
img200_1600.png,1
img200_1650.png,1
img200_1700.png,1
img200_1750.png,1
img200_1800.png,1
img200_1850.png,1
img200_1900.png,1
img200_1950.png,1
img200_2000.png,1
img200_2050.png,1
img200_2100.png,1
img200_2150.png,1
img200_2200.png,1
img200_2250.png,1
img200_2300.png,1
img200_2350.png,1
img200_2400.png,1
img200_2450.png,1
img200_2500.png,1
img200_2550.png,1
img250_0.png,1
img250_50.png,1
img250_100.png,1
img250_150.png,1
img250_200.png,1
img250_250.png,1
img250_300.png,1
img250_350.png,1
img250_400.png,1
img250_450.png,1
img250_500.png,1
img250_550.png,1
img250_600.png,1
img250_650.png,1
img250_700.png,1
img250_750.png,1
img250_800.png,1
img250_850.png,1
img250_900.png,1
img250_950.png,1
img250_1000.png,1
img250_1050.png,1
img250_1100.png,1
img250_1150.png,1
img250_1200.png,1
img250_1250.png,1
img250_1300.png,1
img250_1350.png,1
img250_1400.png,1
img250_1450.png,1
img250_1500.png,1
img250_1550.png,1
img250_1600.png,1
img250_1650.png,1
img250_1700.png,1
img250_1750.png,1
img250_1800.png,1
img250_1850.png,1
img250_1900.png,1
img250_1950.png,1
img250_2000.png,1
img250_2050.png,1
img250_2100.png,1
img250_2150.png,1
img250_2200.png,1
img250_2250.png,1
img250_2300.png,1
img250_2350.png,1
img250_2400.png,1
img250_2450.png,1
img250_2500.png,1
img250_2550.png,1
img300_0.png,1
img300_50.png,1
img300_100.png,1
img300_150.png,1
img300_200.png,1
img300_250.png,1
img300_300.png,1
img300_350.png,1
img300_400.png,1
img300_450.png,1
img300_500.png,1
img300_550.png,1
img300_600.png,1
img300_650.png,1
img300_700.png,1
img300_750.png,1
img300_800.png,1
img300_850.png,1
img300_900.png,1
img300_950.png,1
img300_1000.png,1
img300_1050.png,1
img300_1100.png,1
img300_1150.png,1
img300_1200.png,1
img300_1250.png,1
img300_1300.png,1
img300_1350.png,1
img300_1400.png,1
img300_1450.png,1
img300_1500.png,1
img300_1550.png,1
img300_1600.png,1
img300_1650.png,1
img300_1700.png,1
img300_1750.png,1
img300_1800.png,1
img300_1850.png,1
img300_1900.png,1
img300_1950.png,1
img300_2000.png,1
img300_2050.png,1
img300_2100.png,1
img300_2150.png,1
img300_2200.png,1
img300_2250.png,1
img300_2300.png,1
img300_2350.png,1
img300_2400.png,1
img300_2450.png,1
img300_2500.png,1
img300_2550.png,1
img350_0.png,1
img350_50.png,1
img350_100.png,1
img350_150.png,1
img350_200.png,1
img350_250.png,1
img350_300.png,1
img350_350.png,1
img350_400.png,1
img350_450.png,1
img350_500.png,1
img350_550.png,1
img350_600.png,1
img350_650.png,1
img350_700.png,1
img350_750.png,1
img350_800.png,1
img350_850.png,1
img350_900.png,1
img350_950.png,1
img350_1000.png,1
img350_1050.png,1
img350_1100.png,1
img350_1150.png,1
img350_1200.png,1
img350_1250.png,1
img350_1300.png,1
img350_1350.png,1
img350_1400.png,1
img350_1450.png,1
img350_1500.png,1
img350_1550.png,1
img350_1600.png,1
img350_1650.png,1
img350_1700.png,1
img350_1750.png,1
img350_1800.png,1
img350_1850.png,1
img350_1900.png,1
img350_1950.png,1
img350_2000.png,1
img350_2050.png,1
img350_2100.png,1
img350_2150.png,1
img350_2200.png,1
img350_2250.png,1
img350_2300.png,1
img350_2350.png,1
img350_2400.png,1
img350_2450.png,1
img350_2500.png,1
img350_2550.png,1
img400_0.png,1
img400_50.png,1
img400_100.png,1
img400_150.png,1
img400_200.png,1
img400_250.png,1
img400_300.png,1
img400_350.png,1
img400_400.png,1
img400_450.png,1
img400_500.png,1
img400_550.png,1
img400_600.png,1
img400_650.png,1
img400_700.png,1
img400_750.png,1
img400_800.png,1
img400_850.png,1
img400_900.png,1
img400_950.png,1
img400_1000.png,1
img400_1050.png,1
img400_1100.png,1
img400_1150.png,1
img400_1200.png,1
img400_1250.png,1
img400_1300.png,1
img400_1350.png,1
img400_1400.png,1
img400_1450.png,1
img400_1500.png,1
img400_1550.png,1
img400_1600.png,1
img400_1650.png,1
img400_1700.png,1
img400_1750.png,1
img400_1800.png,1
img400_1850.png,1
img400_1900.png,1
img400_1950.png,1
img400_2000.png,1
img400_2050.png,1
img400_2100.png,1
img400_2150.png,1
img400_2200.png,1
img400_2250.png,1
img400_2300.png,1
img400_2350.png,1
img400_2400.png,1
img400_2450.png,1
img400_2500.png,1
img400_2550.png,1
img450_0.png,1
img450_50.png,1
img450_100.png,1
img450_150.png,1
img450_200.png,1
img450_250.png,1
img450_300.png,1
img450_350.png,1
img450_400.png,1
img450_450.png,1
img450_500.png,1
img450_550.png,1
img450_600.png,1
img450_650.png,1
img450_700.png,1
img450_750.png,1
img450_800.png,1
img450_850.png,1
img450_900.png,1
img450_950.png,1
img450_1000.png,1
img450_1050.png,1
img450_1100.png,1
img450_1150.png,1
img450_1200.png,1
img450_1250.png,1
img450_1300.png,1
img450_1350.png,1
img450_1400.png,1
img450_1450.png,1
img450_1500.png,1
img450_1550.png,1
img450_1600.png,1
img450_1650.png,1
img450_1700.png,1
img450_1750.png,1
img450_1800.png,1
img450_1850.png,1
img450_1900.png,1
img450_1950.png,1
img450_2000.png,1
img450_2050.png,1
img450_2100.png,1
img450_2150.png,1
img450_2200.png,1
img450_2250.png,1
img450_2300.png,1
img450_2350.png,1
img450_2400.png,1
img450_2450.png,1
img450_2500.png,1
img450_2550.png,1
img500_0.png,1
img500_50.png,1
img500_100.png,1
img500_150.png,1
img500_200.png,1
img500_250.png,1
img500_300.png,1
img500_350.png,1
img500_400.png,1
img500_450.png,1
img500_500.png,1
img500_550.png,1
img500_600.png,1
img500_650.png,1
img500_700.png,1
img500_750.png,1
img500_800.png,1
img500_850.png,1
img500_900.png,1
img500_950.png,1
img500_1000.png,1
img500_1050.png,1
img500_1100.png,1
img500_1150.png,1
img500_1200.png,1
img500_1250.png,1
img500_1300.png,1
img500_1350.png,1
img500_1400.png,1
img500_1450.png,1
img500_1500.png,1
img500_1550.png,1
img500_1600.png,1
img500_1650.png,1
img500_1700.png,1
img500_1750.png,1
img500_1800.png,1
img500_1850.png,1
img500_1900.png,1
img500_1950.png,1
img500_2000.png,1
img500_2050.png,1
img500_2100.png,1
img500_2150.png,1
img500_2200.png,1
img500_2250.png,1
img500_2300.png,1
img500_2350.png,1
img500_2400.png,1
img500_2450.png,1
img500_2500.png,1
img500_2550.png,1
img550_0.png,1
img550_50.png,1
img550_100.png,1
img550_150.png,1
img550_200.png,1
img550_250.png,1
img550_300.png,1
img550_350.png,1
img550_400.png,1
img550_450.png,1
img550_500.png,1
img550_550.png,1
img550_600.png,1
img550_650.png,1
img550_700.png,1
img550_750.png,1
img550_800.png,1
img550_850.png,1
img550_900.png,1
img550_950.png,1
img550_1000.png,1
img550_1050.png,1
img550_1100.png,1
img550_1150.png,1
img550_1200.png,1
img550_1250.png,1
img550_1300.png,1
img550_1350.png,1
img550_1400.png,1
img550_1450.png,1
img550_1500.png,1
img550_1550.png,1
img550_1600.png,1
img550_1650.png,1
img550_1700.png,1
img550_1750.png,1
img550_1800.png,1
img550_1850.png,1
img550_1900.png,1
img550_1950.png,1
img550_2000.png,1
img550_2050.png,1
img550_2100.png,1
img550_2150.png,1
img550_2200.png,1
img550_2250.png,1
img550_2300.png,1
img550_2350.png,1
img550_2400.png,1
img550_2450.png,1
img550_2500.png,1
img550_2550.png,1
img600_0.png,1
img600_50.png,1
img600_100.png,1
img600_150.png,1
img600_200.png,1
img600_250.png,1
img600_300.png,1
img600_350.png,1
img600_400.png,1
img600_450.png,1
img600_500.png,1
img600_550.png,1
img600_600.png,1
img600_650.png,1
img600_700.png,1
img600_750.png,1
img600_800.png,1
img600_850.png,1
img600_900.png,1
img600_950.png,1
img600_1000.png,1
img600_1050.png,1
img600_1100.png,1
img600_1150.png,1
img600_1200.png,1
img600_1250.png,1
img600_1300.png,1
img600_1350.png,1
img600_1400.png,1
img600_1450.png,1
img600_1500.png,1
img600_1550.png,1
img600_1600.png,1
img600_1650.png,1
img600_1700.png,1
img600_1750.png,1
img600_1800.png,1
img600_1850.png,1
img600_1900.png,1
img600_1950.png,1
img600_2000.png,1
img600_2050.png,1
img600_2100.png,1
img600_2150.png,1
img600_2200.png,1
img600_2250.png,1
img600_2300.png,1
img600_2350.png,1
img600_2400.png,1
img600_2450.png,1
img600_2500.png,1
img600_2550.png,1
img650_0.png,1
img650_50.png,1
img650_100.png,1
img650_150.png,1
img650_200.png,1
img650_250.png,1
img650_300.png,1
img650_350.png,1
img650_400.png,1
img650_450.png,1
img650_500.png,1
img650_550.png,1
img650_600.png,1
img650_650.png,1
img650_700.png,1
img650_750.png,1
img650_800.png,1
img650_850.png,1
img650_900.png,1
img650_950.png,1
img650_1000.png,1
img650_1050.png,1
img650_1100.png,1
img650_1150.png,1
img650_1200.png,1
img650_1250.png,1
img650_1300.png,1
img650_1350.png,1
img650_1400.png,1
img650_1450.png,1
img650_1500.png,1
img650_1550.png,1
img650_1600.png,1
img650_1650.png,1
img650_1700.png,1
img650_1750.png,1
img650_1800.png,1
img650_1850.png,1
img650_1900.png,1
img650_1950.png,1
img650_2000.png,1
img650_2050.png,1
img650_2100.png,1
img650_2150.png,1
img650_2200.png,1
img650_2250.png,1
img650_2300.png,1
img650_2350.png,1
img650_2400.png,1
img650_2450.png,1
img650_2500.png,1
img650_2550.png,1
img700_0.png,1
img700_50.png,1
img700_100.png,1
img700_150.png,1
img700_200.png,1
img700_250.png,1
img700_300.png,1
img700_350.png,1
img700_400.png,1
img700_450.png,1
img700_500.png,1
img700_550.png,1
img700_600.png,1
img700_650.png,1
img700_700.png,1
img700_750.png,1
img700_800.png,1
img700_850.png,1
img700_900.png,1
img700_950.png,1
img700_1000.png,1
img700_1050.png,1
img700_1100.png,1
img700_1150.png,1
img700_1200.png,1
img700_1250.png,1
img700_1300.png,1
img700_1350.png,1
img700_1400.png,1
img700_1450.png,1
img700_1500.png,1
img700_1550.png,1
img700_1600.png,1
img700_1650.png,1
img700_1700.png,1
img700_1750.png,1
img700_1800.png,1
img700_1850.png,1
img700_1900.png,1
img700_1950.png,1
img700_2000.png,1
img700_2050.png,1
img700_2100.png,1
img700_2150.png,1
img700_2200.png,1
img700_2250.png,1
img700_2300.png,1
img700_2350.png,1
img700_2400.png,1
img700_2450.png,1
img700_2500.png,1
img700_2550.png,1
img750_0.png,1
img750_50.png,1
img750_100.png,1
img750_150.png,1
img750_200.png,1
img750_250.png,1
img750_300.png,1
img750_350.png,1
img750_400.png,1
img750_450.png,1
img750_500.png,1
img750_550.png,1
img750_600.png,1
img750_650.png,1
img750_700.png,1
img750_750.png,1
img750_800.png,1
img750_850.png,1
img750_900.png,1
img750_950.png,1
img750_1000.png,1
img750_1050.png,1
img750_1100.png,1
img750_1150.png,1
img750_1200.png,1
img750_1250.png,1
img750_1300.png,1
img750_1350.png,1
img750_1400.png,1
img750_1450.png,1
img750_1500.png,1
img750_1550.png,1
img750_1600.png,1
img750_1650.png,1
img750_1700.png,1
img750_1750.png,1
img750_1800.png,1
img750_1850.png,1
img750_1900.png,1
img750_1950.png,1
img750_2000.png,1
img750_2050.png,1
img750_2100.png,1
img750_2150.png,1
img750_2200.png,1
img750_2250.png,1
img750_2300.png,1
img750_2350.png,1
img750_2400.png,1
img750_2450.png,1
img750_2500.png,1
img750_2550.png,1
img800_0.png,1
img800_50.png,1
img800_100.png,1
img800_150.png,1
img800_200.png,1
img800_250.png,1
img800_300.png,1
img800_350.png,1
img800_400.png,1
img800_450.png,1
img800_500.png,1
img800_550.png,1
img800_600.png,1
img800_650.png,1
img800_700.png,1
img800_750.png,1
img800_800.png,1
img800_850.png,1
img800_900.png,1
img800_950.png,1
img800_1000.png,1
img800_1050.png,1
img800_1100.png,1
img800_1150.png,1
img800_1200.png,1
img800_1250.png,1
img800_1300.png,1
img800_1350.png,1
img800_1400.png,1
img800_1450.png,1
img800_1500.png,1
img800_1550.png,1
img800_1600.png,1
img800_1650.png,1
img800_1700.png,1
img800_1750.png,1
img800_1800.png,1
img800_1850.png,1
img800_1900.png,1
img800_1950.png,1
img800_2000.png,1
img800_2050.png,1
img800_2100.png,1
img800_2150.png,1
img800_2200.png,1
img800_2250.png,1
img800_2300.png,1
img800_2350.png,1
img800_2400.png,1
img800_2450.png,1
img800_2500.png,1
img800_2550.png,1
img850_0.png,1
img850_50.png,1
img850_100.png,1
img850_150.png,1
img850_200.png,1
img850_250.png,1
img850_300.png,1
img850_350.png,1
img850_400.png,1
img850_450.png,1
img850_500.png,1
img850_550.png,1
img850_600.png,1
img850_650.png,1
img850_700.png,1
img850_750.png,1
img850_800.png,1
img850_850.png,1
img850_900.png,1
img850_950.png,1
img850_1000.png,1
img850_1050.png,1
img850_1100.png,1
img850_1150.png,1
img850_1200.png,1
img850_1250.png,1
img850_1300.png,1
img850_1350.png,1
img850_1400.png,1
img850_1450.png,1
img850_1500.png,1
img850_1550.png,1
img850_1600.png,1
img850_1650.png,1
img850_1700.png,1
img850_1750.png,1
img850_1800.png,1
img850_1850.png,1
img850_1900.png,1
img850_1950.png,1
img850_2000.png,1
img850_2050.png,1
img850_2100.png,1
img850_2150.png,1
img850_2200.png,1
img850_2250.png,1
img850_2300.png,1
img850_2350.png,1
img850_2400.png,1
img850_2450.png,1
img850_2500.png,1
img850_2550.png,1
img900_0.png,1
img900_50.png,1
img900_100.png,1
img900_150.png,1
img900_200.png,1
img900_250.png,1
img900_300.png,1
img900_350.png,1
img900_400.png,1
img900_450.png,1
img900_500.png,1
img900_550.png,1
img900_600.png,1
img900_650.png,1
img900_700.png,1
img900_750.png,1
img900_800.png,1
img900_850.png,1
img900_900.png,1
img900_950.png,1
img900_1000.png,1
img900_1050.png,1
img900_1100.png,1
img900_1150.png,1
img900_1200.png,1
img900_1250.png,1
img900_1300.png,1
img900_1350.png,1
img900_1400.png,1
img900_1450.png,1
img900_1500.png,1
img900_1550.png,1
img900_1600.png,1
img900_1650.png,1
img900_1700.png,1
img900_1750.png,1
img900_1800.png,1
img900_1850.png,1
img900_1900.png,1
img900_1950.png,1
img900_2000.png,1
img900_2050.png,1
img900_2100.png,1
img900_2150.png,1
img900_2200.png,1
img900_2250.png,1
img900_2300.png,1
img900_2350.png,1
img900_2400.png,1
img900_2450.png,1
img900_2500.png,1
img900_2550.png,1
img950_0.png,1
img950_50.png,1
img950_100.png,1
img950_150.png,1
img950_200.png,1
img950_250.png,1
img950_300.png,1
img950_350.png,1
img950_400.png,1
img950_450.png,1
img950_500.png,1
img950_550.png,1
img950_600.png,1
img950_650.png,1
img950_700.png,1
img950_750.png,1
img950_800.png,1
img950_850.png,1
img950_900.png,1
img950_950.png,1
img950_1000.png,1
img950_1050.png,1
img950_1100.png,1
img950_1150.png,1
img950_1200.png,1
img950_1250.png,1
img950_1300.png,1
img950_1350.png,1
img950_1400.png,1
img950_1450.png,1
img950_1500.png,1
img950_1550.png,1
img950_1600.png,1
img950_1650.png,1
img950_1700.png,1
img950_1750.png,1
img950_1800.png,1
img950_1850.png,1
img950_1900.png,1
img950_1950.png,1
img950_2000.png,1
img950_2050.png,1
img950_2100.png,1
img950_2150.png,1
img950_2200.png,1
img950_2250.png,1
img950_2300.png,1
img950_2350.png,1
img950_2400.png,1
img950_2450.png,1
img950_2500.png,1
img950_2550.png,1
img1000_0.png,1
img1000_50.png,1
img1000_100.png,1
img1000_150.png,1
img1000_200.png,1
img1000_250.png,1
img1000_300.png,1
img1000_350.png,1
img1000_400.png,1
img1000_450.png,1
img1000_500.png,1
img1000_550.png,1
img1000_600.png,1
img1000_650.png,1
img1000_700.png,1
img1000_750.png,1
img1000_800.png,1
img1000_850.png,1
img1000_900.png,1
img1000_950.png,1
img1000_1000.png,1
img1000_1050.png,1
img1000_1100.png,1
img1000_1150.png,1
img1000_1200.png,1
img1000_1250.png,1
img1000_1300.png,1
img1000_1350.png,1
img1000_1400.png,1
img1000_1450.png,1
img1000_1500.png,1
img1000_1550.png,1
img1000_1600.png,1
img1000_1650.png,1
img1000_1700.png,1
img1000_1750.png,1
img1000_1800.png,1
img1000_1850.png,1
img1000_1900.png,1
img1000_1950.png,1
img1000_2000.png,1
img1000_2050.png,1
img1000_2100.png,1
img1000_2150.png,1
img1000_2200.png,1
img1000_2250.png,1
img1000_2300.png,1
img1000_2350.png,1
img1000_2400.png,1
img1000_2450.png,1
img1000_2500.png,1
img1000_2550.png,1
img1050_0.png,1
img1050_50.png,1
img1050_100.png,1
img1050_150.png,1
img1050_200.png,1
img1050_250.png,1
img1050_300.png,1
img1050_350.png,1
img1050_400.png,1
img1050_450.png,1
img1050_500.png,1
img1050_550.png,1
img1050_600.png,1
img1050_650.png,1
img1050_700.png,1
img1050_750.png,1
img1050_800.png,1
img1050_850.png,1
img1050_900.png,1
img1050_950.png,1
img1050_1000.png,1
img1050_1050.png,1
img1050_1100.png,1
img1050_1150.png,1
img1050_1200.png,1
img1050_1250.png,1
img1050_1300.png,1
img1050_1350.png,1
img1050_1400.png,1
img1050_1450.png,1
img1050_1500.png,1
img1050_1550.png,1
img1050_1600.png,1
img1050_1650.png,1
img1050_1700.png,1
img1050_1750.png,1
img1050_1800.png,1
img1050_1850.png,1
img1050_1900.png,1
img1050_1950.png,1
img1050_2000.png,1
img1050_2050.png,1
img1050_2100.png,1
img1050_2150.png,1
img1050_2200.png,1
img1050_2250.png,1
img1050_2300.png,1
img1050_2350.png,1
img1050_2400.png,1
img1050_2450.png,1
img1050_2500.png,1
img1050_2550.png,1
img1100_0.png,1
img1100_50.png,1
img1100_100.png,1
img1100_150.png,1
img1100_200.png,1
img1100_250.png,1
img1100_300.png,1
img1100_350.png,1
img1100_400.png,1
img1100_450.png,1
img1100_500.png,1
img1100_550.png,1
img1100_600.png,1
img1100_650.png,1
img1100_700.png,1
img1100_750.png,1
img1100_800.png,1
img1100_850.png,1
img1100_900.png,1
img1100_950.png,1
img1100_1000.png,1
img1100_1050.png,1
img1100_1100.png,1
img1100_1150.png,1
img1100_1200.png,1
img1100_1250.png,1
img1100_1300.png,1
img1100_1350.png,1
img1100_1400.png,1
img1100_1450.png,1
img1100_1500.png,1
img1100_1550.png,1
img1100_1600.png,1
img1100_1650.png,1
img1100_1700.png,1
img1100_1750.png,1
img1100_1800.png,1
img1100_1850.png,1
img1100_1900.png,1
img1100_1950.png,1
img1100_2000.png,1
img1100_2050.png,1
img1100_2100.png,1
img1100_2150.png,1
img1100_2200.png,1
img1100_2250.png,1
img1100_2300.png,1
img1100_2350.png,1
img1100_2400.png,1
img1100_2450.png,1
img1100_2500.png,1
img1100_2550.png,1
img1150_0.png,1
img1150_50.png,1
img1150_100.png,1
img1150_150.png,1
img1150_200.png,1
img1150_250.png,1
img1150_300.png,1
img1150_350.png,1
img1150_400.png,1
img1150_450.png,1
img1150_500.png,1
img1150_550.png,1
img1150_600.png,1
img1150_650.png,1
img1150_700.png,1
img1150_750.png,1
img1150_800.png,1
img1150_850.png,1
img1150_900.png,1
img1150_950.png,1
img1150_1000.png,1
img1150_1050.png,1
img1150_1100.png,1
img1150_1150.png,1
img1150_1200.png,1
img1150_1250.png,1
img1150_1300.png,1
img1150_1350.png,1
img1150_1400.png,1
img1150_1450.png,1
img1150_1500.png,1
img1150_1550.png,1
img1150_1600.png,1
img1150_1650.png,1
img1150_1700.png,1
img1150_1750.png,1
img1150_1800.png,1
img1150_1850.png,1
img1150_1900.png,1
img1150_1950.png,1
img1150_2000.png,1
img1150_2050.png,1
img1150_2100.png,1
img1150_2150.png,1
img1150_2200.png,1
img1150_2250.png,1
img1150_2300.png,1
img1150_2350.png,1
img1150_2400.png,1
img1150_2450.png,1
img1150_2500.png,1
img1150_2550.png,1
img1200_0.png,1
img1200_50.png,1
img1200_100.png,1
img1200_150.png,1
img1200_200.png,1
img1200_250.png,1
img1200_300.png,1
img1200_350.png,1
img1200_400.png,1
img1200_450.png,1
img1200_500.png,1
img1200_550.png,1
img1200_600.png,1
img1200_650.png,1
img1200_700.png,1
img1200_750.png,1
img1200_800.png,1
img1200_850.png,1
img1200_900.png,1
img1200_950.png,1
img1200_1000.png,1
img1200_1050.png,1
img1200_1100.png,1
img1200_1150.png,1
img1200_1200.png,1
img1200_1250.png,1
img1200_1300.png,1
img1200_1350.png,1
img1200_1400.png,1
img1200_1450.png,1
img1200_1500.png,1
img1200_1550.png,1
img1200_1600.png,1
img1200_1650.png,1
img1200_1700.png,1
img1200_1750.png,1
img1200_1800.png,1
img1200_1850.png,1
img1200_1900.png,1
img1200_1950.png,1
img1200_2000.png,1
img1200_2050.png,1
img1200_2100.png,1
img1200_2150.png,1
img1200_2200.png,1
img1200_2250.png,1
img1200_2300.png,1
img1200_2350.png,1
img1200_2400.png,1
img1200_2450.png,1
img1200_2500.png,1
img1200_2550.png,1
img1250_0.png,1
img1250_50.png,1
img1250_100.png,1
img1250_150.png,1
img1250_200.png,1
img1250_250.png,1
img1250_300.png,1
img1250_350.png,1
img1250_400.png,1
img1250_450.png,1
img1250_500.png,1
img1250_550.png,1
img1250_600.png,1
img1250_650.png,1
img1250_700.png,1
img1250_750.png,1
img1250_800.png,1
img1250_850.png,1
img1250_900.png,1
img1250_950.png,1
img1250_1000.png,1
img1250_1050.png,1
img1250_1100.png,1
img1250_1150.png,1
img1250_1200.png,1
img1250_1250.png,1
img1250_1300.png,1
img1250_1350.png,1
img1250_1400.png,1
img1250_1450.png,1
img1250_1500.png,1
img1250_1550.png,1
img1250_1600.png,1
img1250_1650.png,1
img1250_1700.png,1
img1250_1750.png,1
img1250_1800.png,1
img1250_1850.png,1
img1250_1900.png,1
img1250_1950.png,1
img1250_2000.png,1
img1250_2050.png,1
img1250_2100.png,1
img1250_2150.png,1
img1250_2200.png,1
img1250_2250.png,1
img1250_2300.png,1
img1250_2350.png,1
img1250_2400.png,1
img1250_2450.png,1
img1250_2500.png,1
img1250_2550.png,1
img1300_0.png,1
img1300_50.png,1
img1300_100.png,1
img1300_150.png,1
img1300_200.png,1
img1300_250.png,1
img1300_300.png,1
img1300_350.png,1
img1300_400.png,1
img1300_450.png,1
img1300_500.png,1
img1300_550.png,1
img1300_600.png,1
img1300_650.png,1
img1300_700.png,1
img1300_750.png,1
img1300_800.png,1
img1300_850.png,1
img1300_900.png,1
img1300_950.png,1
img1300_1000.png,1
img1300_1050.png,1
img1300_1100.png,1
img1300_1150.png,1
img1300_1200.png,1
img1300_1250.png,1
img1300_1300.png,1
img1300_1350.png,1
img1300_1400.png,1
img1300_1450.png,1
img1300_1500.png,1
img1300_1550.png,1
img1300_1600.png,1
img1300_1650.png,1
img1300_1700.png,1
img1300_1750.png,1
img1300_1800.png,1
img1300_1850.png,1
img1300_1900.png,1
img1300_1950.png,1
img1300_2000.png,1
img1300_2050.png,1
img1300_2100.png,1
img1300_2150.png,1
img1300_2200.png,1
img1300_2250.png,1
img1300_2300.png,1
img1300_2350.png,1
img1300_2400.png,1
img1300_2450.png,1
img1300_2500.png,1
img1300_2550.png,1
img1350_0.png,1
img1350_50.png,1
img1350_100.png,1
img1350_150.png,1
img1350_200.png,1
img1350_250.png,1
img1350_300.png,1
img1350_350.png,1
img1350_400.png,1
img1350_450.png,1
img1350_500.png,1
img1350_550.png,1
img1350_600.png,1
img1350_650.png,1
img1350_700.png,1
img1350_750.png,1
img1350_800.png,1
img1350_850.png,1
img1350_900.png,1
img1350_950.png,1
img1350_1000.png,1
img1350_1050.png,1
img1350_1100.png,1
img1350_1150.png,1
img1350_1200.png,1
img1350_1250.png,1
img1350_1300.png,1
img1350_1350.png,1
img1350_1400.png,1
img1350_1450.png,1
img1350_1500.png,1
img1350_1550.png,1
img1350_1600.png,1
img1350_1650.png,1
img1350_1700.png,1
img1350_1750.png,1
img1350_1800.png,1
img1350_1850.png,1
img1350_1900.png,1
img1350_1950.png,1
img1350_2000.png,1
img1350_2050.png,1
img1350_2100.png,1
img1350_2150.png,1
img1350_2200.png,1
img1350_2250.png,1
img1350_2300.png,1
img1350_2350.png,1
img1350_2400.png,1
img1350_2450.png,1
img1350_2500.png,1
img1350_2550.png,1
img1400_0.png,1
img1400_50.png,1
img1400_100.png,1
img1400_150.png,1
img1400_200.png,1
img1400_250.png,1
img1400_300.png,1
img1400_350.png,1
img1400_400.png,1
img1400_450.png,1
img1400_500.png,1
img1400_550.png,1
img1400_600.png,1
img1400_650.png,1
img1400_700.png,1
img1400_750.png,1
img1400_800.png,1
img1400_850.png,1
img1400_900.png,1
img1400_950.png,1
img1400_1000.png,1
img1400_1050.png,1
img1400_1100.png,1
img1400_1150.png,1
img1400_1200.png,1
img1400_1250.png,1
img1400_1300.png,1
img1400_1350.png,1
img1400_1400.png,1
img1400_1450.png,1
img1400_1500.png,1
img1400_1550.png,1
img1400_1600.png,1
img1400_1650.png,1
img1400_1700.png,1
img1400_1750.png,1
img1400_1800.png,1
img1400_1850.png,1
img1400_1900.png,1
img1400_1950.png,1
img1400_2000.png,1
img1400_2050.png,1
img1400_2100.png,1
img1400_2150.png,1
img1400_2200.png,1
img1400_2250.png,1
img1400_2300.png,1
img1400_2350.png,1
img1400_2400.png,1
img1400_2450.png,1
img1400_2500.png,1
img1400_2550.png,1
img1450_0.png,1
img1450_50.png,1
img1450_100.png,1
img1450_150.png,1
img1450_200.png,1
img1450_250.png,1
img1450_300.png,1
img1450_350.png,1
img1450_400.png,1
img1450_450.png,1
img1450_500.png,1
img1450_550.png,1
img1450_600.png,1
img1450_650.png,1
img1450_700.png,1
img1450_750.png,1
img1450_800.png,1
img1450_850.png,1
img1450_900.png,1
img1450_950.png,1
img1450_1000.png,1
img1450_1050.png,1
img1450_1100.png,1
img1450_1150.png,1
img1450_1200.png,1
img1450_1250.png,1
img1450_1300.png,1
img1450_1350.png,1
img1450_1400.png,1
img1450_1450.png,1
img1450_1500.png,1
img1450_1550.png,1
img1450_1600.png,1
img1450_1650.png,1
img1450_1700.png,1
img1450_1750.png,1
img1450_1800.png,1
img1450_1850.png,1
img1450_1900.png,1
img1450_1950.png,1
img1450_2000.png,1
img1450_2050.png,1
img1450_2100.png,1
img1450_2150.png,1
img1450_2200.png,1
img1450_2250.png,1
img1450_2300.png,1
img1450_2350.png,1
img1450_2400.png,1
img1450_2450.png,1
img1450_2500.png,1
img1450_2550.png,1
img1500_0.png,1
img1500_50.png,1
img1500_100.png,1
img1500_150.png,1
img1500_200.png,1
img1500_250.png,1
img1500_300.png,1
img1500_350.png,1
img1500_400.png,1
img1500_450.png,1
img1500_500.png,1
img1500_550.png,1
img1500_600.png,1
img1500_650.png,1
img1500_700.png,1
img1500_750.png,1
img1500_800.png,1
img1500_850.png,1
img1500_900.png,1
img1500_950.png,1
img1500_1000.png,1
img1500_1050.png,1
img1500_1100.png,1
img1500_1150.png,1
img1500_1200.png,1
img1500_1250.png,1
img1500_1300.png,1
img1500_1350.png,1
img1500_1400.png,1
img1500_1450.png,1
img1500_1500.png,1
img1500_1550.png,1
img1500_1600.png,1
img1500_1650.png,1
img1500_1700.png,1
img1500_1750.png,1
img1500_1800.png,1
img1500_1850.png,1
img1500_1900.png,1
img1500_1950.png,1
img1500_2000.png,1
img1500_2050.png,1
img1500_2100.png,1
img1500_2150.png,1
img1500_2200.png,1
img1500_2250.png,1
img1500_2300.png,1
img1500_2350.png,1
img1500_2400.png,1
img1500_2450.png,1
img1500_2500.png,1
img1500_2550.png,1
img1550_0.png,1
img1550_50.png,1
img1550_100.png,1
img1550_150.png,1
img1550_200.png,1
img1550_250.png,1
img1550_300.png,1
img1550_350.png,1
img1550_400.png,1
img1550_450.png,1
img1550_500.png,1
img1550_550.png,1
img1550_600.png,1
img1550_650.png,1
img1550_700.png,1
img1550_750.png,1
img1550_800.png,1
img1550_850.png,1
img1550_900.png,1
img1550_950.png,1
img1550_1000.png,1
img1550_1050.png,1
img1550_1100.png,1
img1550_1150.png,1
img1550_1200.png,1
img1550_1250.png,1
img1550_1300.png,1
img1550_1350.png,1
img1550_1400.png,1
img1550_1450.png,1
img1550_1500.png,1
img1550_1550.png,1
img1550_1600.png,1
img1550_1650.png,1
img1550_1700.png,1
img1550_1750.png,1
img1550_1800.png,1
img1550_1850.png,1
img1550_1900.png,1
img1550_1950.png,1
img1550_2000.png,1
img1550_2050.png,1
img1550_2100.png,1
img1550_2150.png,1
img1550_2200.png,1
img1550_2250.png,1
img1550_2300.png,1
img1550_2350.png,1
img1550_2400.png,1
img1550_2450.png,1
img1550_2500.png,1
img1550_2550.png,1
img1600_0.png,1
img1600_50.png,1
img1600_100.png,1
img1600_150.png,1
img1600_200.png,1
img1600_250.png,1
img1600_300.png,1
img1600_350.png,1
img1600_400.png,1
img1600_450.png,1
img1600_500.png,1
img1600_550.png,1
img1600_600.png,1
img1600_650.png,1
img1600_700.png,1
img1600_750.png,1
img1600_800.png,1
img1600_850.png,1
img1600_900.png,1
img1600_950.png,1
img1600_1000.png,1
img1600_1050.png,1
img1600_1100.png,1
img1600_1150.png,1
img1600_1200.png,1
img1600_1250.png,1
img1600_1300.png,1
img1600_1350.png,1
img1600_1400.png,1
img1600_1450.png,1
img1600_1500.png,1
img1600_1550.png,1
img1600_1600.png,1
img1600_1650.png,1
img1600_1700.png,1
img1600_1750.png,1
img1600_1800.png,1
img1600_1850.png,1
img1600_1900.png,1
img1600_1950.png,1
img1600_2000.png,1
img1600_2050.png,1
img1600_2100.png,1
img1600_2150.png,1
img1600_2200.png,1
img1600_2250.png,1
img1600_2300.png,1
img1600_2350.png,1
img1600_2400.png,1
img1600_2450.png,1
img1600_2500.png,1
img1600_2550.png,1
img1650_0.png,1
img1650_50.png,1
img1650_100.png,1
img1650_150.png,1
img1650_200.png,1
img1650_250.png,1
img1650_300.png,1
img1650_350.png,1
img1650_400.png,1
img1650_450.png,1
img1650_500.png,1
img1650_550.png,1
img1650_600.png,1
img1650_650.png,1
img1650_700.png,1
img1650_750.png,1
img1650_800.png,1
img1650_850.png,1
img1650_900.png,1
img1650_950.png,1
img1650_1000.png,1
img1650_1050.png,1
img1650_1100.png,1
img1650_1150.png,1
img1650_1200.png,1
img1650_1250.png,1
img1650_1300.png,1
img1650_1350.png,1
img1650_1400.png,1
img1650_1450.png,1
img1650_1500.png,1
img1650_1550.png,1
img1650_1600.png,1
img1650_1650.png,1
img1650_1700.png,1
img1650_1750.png,1
img1650_1800.png,1
img1650_1850.png,1
img1650_1900.png,1
img1650_1950.png,1
img1650_2000.png,1
img1650_2050.png,1
img1650_2100.png,1
img1650_2150.png,1
img1650_2200.png,1
img1650_2250.png,1
img1650_2300.png,1
img1650_2350.png,1
img1650_2400.png,1
img1650_2450.png,1
img1650_2500.png,1
img1650_2550.png,1
img1700_0.png,1
img1700_50.png,1
img1700_100.png,1
img1700_150.png,1
img1700_200.png,1
img1700_250.png,1
img1700_300.png,1
img1700_350.png,1
img1700_400.png,1
img1700_450.png,1
img1700_500.png,1
img1700_550.png,1
img1700_600.png,1
img1700_650.png,1
img1700_700.png,1
img1700_750.png,1
img1700_800.png,1
img1700_850.png,1
img1700_900.png,1
img1700_950.png,1
img1700_1000.png,1
img1700_1050.png,1
img1700_1100.png,1
img1700_1150.png,1
img1700_1200.png,1
img1700_1250.png,1
img1700_1300.png,1
img1700_1350.png,1
img1700_1400.png,1
img1700_1450.png,1
img1700_1500.png,1
img1700_1550.png,1
img1700_1600.png,1
img1700_1650.png,1
img1700_1700.png,1
img1700_1750.png,1
img1700_1800.png,1
img1700_1850.png,1
img1700_1900.png,1
img1700_1950.png,1
img1700_2000.png,1
img1700_2050.png,1
img1700_2100.png,1
img1700_2150.png,1
img1700_2200.png,1
img1700_2250.png,1
img1700_2300.png,1
img1700_2350.png,1
img1700_2400.png,1
img1700_2450.png,1
img1700_2500.png,1
img1700_2550.png,1
img1750_0.png,1
img1750_50.png,1
img1750_100.png,1
img1750_150.png,1
img1750_200.png,1
img1750_250.png,1
img1750_300.png,1
img1750_350.png,1
img1750_400.png,1
img1750_450.png,1
img1750_500.png,1
img1750_550.png,1
img1750_600.png,1
img1750_650.png,1
img1750_700.png,1
img1750_750.png,1
img1750_800.png,1
img1750_850.png,1
img1750_900.png,1
img1750_950.png,1
img1750_1000.png,1
img1750_1050.png,1
img1750_1100.png,1
img1750_1150.png,1
img1750_1200.png,1
img1750_1250.png,1
img1750_1300.png,1
img1750_1350.png,1
img1750_1400.png,1
img1750_1450.png,1
img1750_1500.png,1
img1750_1550.png,1
img1750_1600.png,1
img1750_1650.png,1
img1750_1700.png,1
img1750_1750.png,1
img1750_1800.png,1
img1750_1850.png,1
img1750_1900.png,1
img1750_1950.png,1
img1750_2000.png,1
img1750_2050.png,1
img1750_2100.png,1
img1750_2150.png,1
img1750_2200.png,1
img1750_2250.png,1
img1750_2300.png,1
img1750_2350.png,1
img1750_2400.png,1
img1750_2450.png,1
img1750_2500.png,1
img1750_2550.png,1
img1800_0.png,1
img1800_50.png,1
img1800_100.png,1
img1800_150.png,1
img1800_200.png,1
img1800_250.png,1
img1800_300.png,1
img1800_350.png,1
img1800_400.png,1
img1800_450.png,1
img1800_500.png,1
img1800_550.png,1
img1800_600.png,1
img1800_650.png,1
img1800_700.png,1
img1800_750.png,1
img1800_800.png,1
img1800_850.png,1
img1800_900.png,1
img1800_950.png,1
img1800_1000.png,1
img1800_1050.png,1
img1800_1100.png,1
img1800_1150.png,1
img1800_1200.png,1
img1800_1250.png,1
img1800_1300.png,1
img1800_1350.png,1
img1800_1400.png,1
img1800_1450.png,1
img1800_1500.png,1
img1800_1550.png,1
img1800_1600.png,1
img1800_1650.png,1
img1800_1700.png,1
img1800_1750.png,1
img1800_1800.png,1
img1800_1850.png,1
img1800_1900.png,1
img1800_1950.png,1
img1800_2000.png,1
img1800_2050.png,1
img1800_2100.png,1
img1800_2150.png,1
img1800_2200.png,1
img1800_2250.png,1
img1800_2300.png,1
img1800_2350.png,1
img1800_2400.png,1
img1800_2450.png,1
img1800_2500.png,1
img1800_2550.png,1
img1850_0.png,1
img1850_50.png,1
img1850_100.png,1
img1850_150.png,1
img1850_200.png,1
img1850_250.png,1
img1850_300.png,1
img1850_350.png,1
img1850_400.png,1
img1850_450.png,1
img1850_500.png,1
img1850_550.png,1
img1850_600.png,1
img1850_650.png,1
img1850_700.png,1
img1850_750.png,1
img1850_800.png,1
img1850_850.png,1
img1850_900.png,1
img1850_950.png,1
img1850_1000.png,1
img1850_1050.png,1
img1850_1100.png,1
img1850_1150.png,1
img1850_1200.png,1
img1850_1250.png,1
img1850_1300.png,1
img1850_1350.png,1
img1850_1400.png,1
img1850_1450.png,1
img1850_1500.png,1
img1850_1550.png,1
img1850_1600.png,1
img1850_1650.png,1
img1850_1700.png,1
img1850_1750.png,1
img1850_1800.png,1
img1850_1850.png,1
img1850_1900.png,1
img1850_1950.png,1
img1850_2000.png,1
img1850_2050.png,1
img1850_2100.png,1
img1850_2150.png,1
img1850_2200.png,1
img1850_2250.png,1
img1850_2300.png,1
img1850_2350.png,1
img1850_2400.png,1
img1850_2450.png,1
img1850_2500.png,1
img1850_2550.png,1
img1900_0.png,1
img1900_50.png,1
img1900_100.png,1
img1900_150.png,1
img1900_200.png,1
img1900_250.png,1
img1900_300.png,1
img1900_350.png,1
img1900_400.png,1
img1900_450.png,1
img1900_500.png,1
img1900_550.png,1
img1900_600.png,1
img1900_650.png,1
img1900_700.png,1
img1900_750.png,1
img1900_800.png,1
img1900_850.png,1
img1900_900.png,1
img1900_950.png,1
img1900_1000.png,1
img1900_1050.png,1
img1900_1100.png,1
img1900_1150.png,1
img1900_1200.png,1
img1900_1250.png,1
img1900_1300.png,1
img1900_1350.png,1
img1900_1400.png,1
img1900_1450.png,1
img1900_1500.png,1
img1900_1550.png,1
img1900_1600.png,1
img1900_1650.png,1
img1900_1700.png,1
img1900_1750.png,1
img1900_1800.png,1
img1900_1850.png,1
img1900_1900.png,1
img1900_1950.png,1
img1900_2000.png,1
img1900_2050.png,1
img1900_2100.png,1
img1900_2150.png,1
img1900_2200.png,1
img1900_2250.png,1
img1900_2300.png,1
img1900_2350.png,1
img1900_2400.png,1
img1900_2450.png,1
img1900_2500.png,1
img1900_2550.png,1